Date_Sent,SMS_Body,Bank_Source
20-Nov-2025 14:58,"Debit: NGN 32,060.08 for Justrite @ Lagos on 20-Nov-2025 14:58. Ref:77281. Bal: NGN 45,000.20",Bank_B
01-Dec-2025 15:30,"Debit: NGN 8,665.22 for Chowdeck @ Lagos on 01-Dec-2025 15:30. Ref:77281. Bal: NGN 45,000.20",Bank_B
19-Nov-2025 20:27,"Acct: 123***45; Amt:N5,737.16 DR; Desc:Mega Chicken POS Ref:88291; Date:19-Nov-2025 20:27",Bank_A
30-Nov-2025 11:02,"Debit: NGN 4,500.00 for Apple Music @ Lagos on 30-Nov-2025 11:02. Ref:77281. Bal: NGN 45,000.20",Bank_B
16-Oct-2025 08:10,"Debit: NGN 5,751.73 for Market Square @ Lagos on 16-Oct-2025 08:10. Ref:77281. Bal: NGN 45,000.20",Bank_B
19-Oct-2025 17:16,"Acct: 123***45; Amt:N3,450.99 DR; Desc:Bolt POS Ref:88291; Date:19-Oct-2025 17:16",Bank_A
11-Sep-2025 23:24,"Acct: 123***45; Amt:N29,000.00 DR; Desc:Netflix POS Ref:88291; Date:11-Sep-2025 23:24",Bank_A
30-Nov-2025 00:46,"Debit: NGN 46,887.69 for Trf to Landlord @ Lagos on 30-Nov-2025 00:46. Ref:77281. Bal: NGN 45,000.20",Bank_B
19-Oct-2025 16:15,"Debit: NGN 3,759.32 for Oando Fuel Stn @ Lagos on 19-Oct-2025 16:15. Ref:77281. Bal: NGN 45,000.20",Bank_B
30-Nov-2025 08:40,"Debit: NGN 83,108.46 for Trf to Emeka @ Lagos on 30-Nov-2025 08:40. Ref:77281. Bal: NGN 45,000.20",Bank_B
10-Sep-2025 20:38,"Acct: 123***45; Amt:N6,842.80 DR; Desc:Airtel Airtime POS Ref:88291; Date:10-Sep-2025 20:38",Bank_A
01-Nov-2025 14:07,"Debit: NGN 2,921.52 for Total Energies @ Lagos on 01-Nov-2025 14:07. Ref:77281. Bal: NGN 45,000.20",Bank_B
14-Nov-2025 15:50,"Acct: 123***45; Amt:N1,200.00 DR; Desc:DSTV Premium POS Ref:88291; Date:14-Nov-2025 15:50",Bank_A
23-Nov-2025 16:49,"Acct: 123***45; Amt:N33,688.55 DR; Desc:Market Square POS Ref:88291; Date:23-Nov-2025 16:49",Bank_A
27-Sep-2025 05:45,"Debit: NGN 9,991.82 for Chowdeck @ Lagos on 27-Sep-2025 05:45. Ref:77281. Bal: NGN 45,000.20",Bank_B
03-Oct-2025 19:42,"Acct: 123***45; Amt:N11,966.23 DR; Desc:Uber POS Ref:88291; Date:03-Oct-2025 19:42",Bank_A
20-Oct-2025 00:52,"Acct: 123***45; Amt:N11,989.72 DR; Desc:Bolt POS Ref:88291; Date:20-Oct-2025 00:52",Bank_A
01-Nov-2025 05:18,"Debit: NGN 29,000.00 for Spotify @ Lagos on 01-Nov-2025 05:18. Ref:77281. Bal: NGN 45,000.20",Bank_B
24-Sep-2025 07:18,"Acct: 123***45; Amt:N4,500.00 DR; Desc:Spotify POS Ref:88291; Date:24-Sep-2025 07:18",Bank_A
04-Oct-2025 07:44,"Acct: 123***45; Amt:N93,441.93 DR; Desc:Trf to Landlord POS Ref:88291; Date:04-Oct-2025 07:44",Bank_A
18-Nov-2025 17:31,"Acct: 123***45; Amt:N1,200.00 DR; Desc:Showmax POS Ref:88291; Date:18-Nov-2025 17:31",Bank_A
02-Nov-2025 12:00,"Debit: NGN 18,990.68 for Ikeja Electric @ Lagos on 02-Nov-2025 12:00. Ref:77281. Bal: NGN 45,000.20",Bank_B
09-Oct-2025 12:12,"Acct: 123***45; Amt:N9,769.47 DR; Desc:MTN VTU POS Ref:88291; Date:09-Oct-2025 12:12",Bank_A
25-Nov-2025 07:12,"Acct: 123***45; Amt:N10,635.38 DR; Desc:Chicken Republic POS Ref:88291; Date:25-Nov-2025 07:12",Bank_A
25-Oct-2025 23:08,"Debit: NGN 28,968.13 for Justrite @ Lagos on 25-Oct-2025 23:08. Ref:77281. Bal: NGN 45,000.20",Bank_B
23-Nov-2025 05:07,"Debit: NGN 4,500.00 for Spotify @ Lagos on 23-Nov-2025 05:07. Ref:77281. Bal: NGN 45,000.20",Bank_B
21-Nov-2025 04:11,"Acct: 123***45; Amt:N3,827.96 DR; Desc:Dominos Pizza POS Ref:88291; Date:21-Nov-2025 04:11",Bank_A
01-Nov-2025 23:22,"Acct: 123***45; Amt:N9,871.69 DR; Desc:Bolt POS Ref:88291; Date:01-Nov-2025 23:22",Bank_A
19-Nov-2025 11:13,"Acct: 123***45; Amt:N3,947.65 DR; Desc:Smile Data POS Ref:88291; Date:19-Nov-2025 11:13",Bank_A
28-Sep-2025 16:52,"Acct: 123***45; Amt:N139,524.46 DR; Desc:Trf to Sibling POS Ref:88291; Date:28-Sep-2025 16:52",Bank_A
27-Sep-2025 04:49,"Acct: 123***45; Amt:N1,648.12 DR; Desc:Uber POS Ref:88291; Date:27-Sep-2025 04:49",Bank_A
24-Sep-2025 02:14,"Acct: 123***45; Amt:N110,079.49 DR; Desc:Trf to Emeka POS Ref:88291; Date:24-Sep-2025 02:14",Bank_A
14-Oct-2025 00:29,"Acct: 123***45; Amt:N27,573.89 DR; Desc:Trf to Mum POS Ref:88291; Date:14-Oct-2025 00:29",Bank_A
01-Nov-2025 08:16,"Debit: NGN 3,338.80 for Smile Data @ Lagos on 01-Nov-2025 08:16. Ref:77281. Bal: NGN 45,000.20",Bank_B
08-Oct-2025 21:39,"Debit: NGN 131,707.24 for Trf to Mum @ Lagos on 08-Oct-2025 21:39. Ref:77281. Bal: NGN 45,000.20",Bank_B
08-Oct-2025 13:36,"Debit: NGN 6,803.87 for The Place @ Lagos on 08-Oct-2025 13:36. Ref:77281. Bal: NGN 45,000.20",Bank_B
16-Nov-2025 18:12,"Debit: NGN 21,549.33 for Prince Ebeano @ Lagos on 16-Nov-2025 18:12. Ref:77281. Bal: NGN 45,000.20",Bank_B
01-Oct-2025 19:43,"Acct: 123***45; Amt:N10,345.06 DR; Desc:Chicken Republic POS Ref:88291; Date:01-Oct-2025 19:43",Bank_A
03-Nov-2025 12:40,"Debit: NGN 16,229.46 for Ikeja Electric @ Lagos on 03-Nov-2025 12:40. Ref:77281. Bal: NGN 45,000.20",Bank_B
21-Sep-2025 08:49,"Acct: 123***45; Amt:N120,037.29 DR; Desc:Trf to Mum POS Ref:88291; Date:21-Sep-2025 08:49",Bank_A
13-Oct-2025 22:20,"Acct: 123***45; Amt:N18,558.29 DR; Desc:Market Square POS Ref:88291; Date:13-Oct-2025 22:20",Bank_A
29-Sep-2025 03:43,"Debit: NGN 29,000.00 for Netflix @ Lagos on 29-Sep-2025 03:43. Ref:77281. Bal: NGN 45,000.20",Bank_B
08-Sep-2025 10:51,"Acct: 123***45; Amt:N2,844.33 DR; Desc:Total Energies POS Ref:88291; Date:08-Sep-2025 10:51",Bank_A
18-Oct-2025 00:45,"Acct: 123***45; Amt:N5,980.44 DR; Desc:Uber POS Ref:88291; Date:18-Oct-2025 00:45",Bank_A
04-Nov-2025 19:40,"Acct: 123***45; Amt:N12,536.20 DR; Desc:Indriver POS Ref:88291; Date:04-Nov-2025 19:40",Bank_A
29-Sep-2025 00:40,"Debit: NGN 4,500.00 for Apple Music @ Lagos on 29-Sep-2025 00:40. Ref:77281. Bal: NGN 45,000.20",Bank_B
24-Nov-2025 05:45,"Acct: 123***45; Amt:N11,719.38 DR; Desc:Uber POS Ref:88291; Date:24-Nov-2025 05:45",Bank_A
01-Oct-2025 19:42,"Debit: NGN 60,470.00 for Trf to Landlord @ Lagos on 01-Oct-2025 19:42. Ref:77281. Bal: NGN 45,000.20",Bank_B
29-Nov-2025 02:48,"Acct: 123***45; Amt:N37,087.55 DR; Desc:Prince Ebeano POS Ref:88291; Date:29-Nov-2025 02:48",Bank_A
18-Sep-2025 08:52,"Acct: 123***45; Amt:N6,776.72 DR; Desc:The Place POS Ref:88291; Date:18-Sep-2025 08:52",Bank_A
07-Sep-2025 08:48,"Acct: 123***45; Amt:N3,324.96 DR; Desc:The Place POS Ref:88291; Date:07-Sep-2025 08:48",Bank_A
25-Oct-2025 17:09,"Acct: 123***45; Amt:N89,237.55 DR; Desc:Trf to Emeka POS Ref:88291; Date:25-Oct-2025 17:09",Bank_A
15-Oct-2025 07:23,"Acct: 123***45; Amt:N125,005.81 DR; Desc:Trf to Sibling POS Ref:88291; Date:15-Oct-2025 07:23",Bank_A
05-Oct-2025 18:12,"Acct: 123***45; Amt:N38,420.87 DR; Desc:Spar POS Ref:88291; Date:05-Oct-2025 18:12",Bank_A
09-Sep-2025 15:48,"Debit: NGN 2,732.98 for Dominos Pizza @ Lagos on 09-Sep-2025 15:48. Ref:77281. Bal: NGN 45,000.20",Bank_B
22-Oct-2025 16:39,"Acct: 123***45; Amt:N8,704.54 DR; Desc:Mega Chicken POS Ref:88291; Date:22-Oct-2025 16:39",Bank_A
11-Oct-2025 23:18,"Acct: 123***45; Amt:N5,126.12 DR; Desc:Chicken Republic POS Ref:88291; Date:11-Oct-2025 23:18",Bank_A
01-Nov-2025 06:44,"Acct: 123***45; Amt:N3,995.71 DR; Desc:Smile Data POS Ref:88291; Date:01-Nov-2025 06:44",Bank_A
18-Oct-2025 14:32,"Debit: NGN 8,079.13 for Bolt @ Lagos on 18-Oct-2025 14:32. Ref:77281. Bal: NGN 45,000.20",Bank_B
25-Oct-2025 14:30,"Debit: NGN 1,200.00 for Showmax @ Lagos on 25-Oct-2025 14:30. Ref:77281. Bal: NGN 45,000.20",Bank_B
08-Nov-2025 00:50,"Acct: 123***45; Amt:N15,664.78 DR; Desc:Smile Data POS Ref:88291; Date:08-Nov-2025 00:50",Bank_A
01-Nov-2025 03:00,"Debit: NGN 18,198.53 for Ikeja Electric @ Lagos on 01-Nov-2025 03:00. Ref:77281. Bal: NGN 45,000.20",Bank_B
01-Oct-2025 21:31,"Debit: NGN 40,382.86 for Justrite @ Lagos on 01-Oct-2025 21:31. Ref:77281. Bal: NGN 45,000.20",Bank_B
11-Oct-2025 10:10,"Acct: 123***45; Amt:N37,406.07 DR; Desc:Trf to Emeka POS Ref:88291; Date:11-Oct-2025 10:10",Bank_A
21-Nov-2025 14:44,"Acct: 123***45; Amt:N10,973.84 DR; Desc:Uber POS Ref:88291; Date:21-Nov-2025 14:44",Bank_A
30-Sep-2025 14:30,"Debit: NGN 110,227.96 for Trf to Landlord @ Lagos on 30-Sep-2025 14:30. Ref:77281. Bal: NGN 45,000.20",Bank_B
05-Oct-2025 04:54,"Acct: 123***45; Amt:N6,402.28 DR; Desc:Bolt POS Ref:88291; Date:05-Oct-2025 04:54",Bank_A
14-Nov-2025 07:24,"Debit: NGN 9,743.94 for The Place @ Lagos on 14-Nov-2025 07:24. Ref:77281. Bal: NGN 45,000.20",Bank_B
04-Oct-2025 08:07,"Acct: 123***45; Amt:N95,356.88 DR; Desc:Trf to Emeka POS Ref:88291; Date:04-Oct-2025 08:07",Bank_A
09-Oct-2025 14:46,"Debit: NGN 5,413.39 for MTN VTU @ Lagos on 09-Oct-2025 14:46. Ref:77281. Bal: NGN 45,000.20",Bank_B
28-Sep-2025 14:27,"Debit: NGN 4,500.00 for Apple Music @ Lagos on 28-Sep-2025 14:27. Ref:77281. Bal: NGN 45,000.20",Bank_B
14-Nov-2025 02:46,"Debit: NGN 4,500.00 for Apple Music @ Lagos on 14-Nov-2025 02:46. Ref:77281. Bal: NGN 45,000.20",Bank_B
25-Oct-2025 18:00,"Debit: NGN 42,150.46 for Shoprite @ Lagos on 25-Oct-2025 18:00. Ref:77281. Bal: NGN 45,000.20",Bank_B
19-Sep-2025 04:05,"Debit: NGN 900.00 for Apple Music @ Lagos on 19-Sep-2025 04:05. Ref:77281. Bal: NGN 45,000.20",Bank_B
26-Oct-2025 16:27,"Acct: 123***45; Amt:N22,558.90 DR; Desc:Market Square POS Ref:88291; Date:26-Oct-2025 16:27",Bank_A
04-Oct-2025 07:41,"Debit: NGN 6,652.77 for Ikeja Electric @ Lagos on 04-Oct-2025 07:41. Ref:77281. Bal: NGN 45,000.20",Bank_B
24-Oct-2025 18:56,"Debit: NGN 4,620.27 for Dominos Pizza @ Lagos on 24-Oct-2025 18:56. Ref:77281. Bal: NGN 45,000.20",Bank_B
24-Nov-2025 12:45,"Acct: 123***45; Amt:N1,200.00 DR; Desc:Showmax POS Ref:88291; Date:24-Nov-2025 12:45",Bank_A
20-Sep-2025 11:42,"Acct: 123***45; Amt:N1,200.00 DR; Desc:DSTV Premium POS Ref:88291; Date:20-Sep-2025 11:42",Bank_A
26-Sep-2025 14:41,"Acct: 123***45; Amt:N29,000.00 DR; Desc:Showmax POS Ref:88291; Date:26-Sep-2025 14:41",Bank_A
23-Nov-2025 13:14,"Debit: NGN 9,650.49 for The Place @ Lagos on 23-Nov-2025 13:14. Ref:77281. Bal: NGN 45,000.20",Bank_B
12-Oct-2025 19:07,"Debit: NGN 29,000.00 for Apple Music @ Lagos on 12-Oct-2025 19:07. Ref:77281. Bal: NGN 45,000.20",Bank_B
30-Nov-2025 06:13,"Acct: 123***45; Amt:N2,092.76 DR; Desc:Smile Data POS Ref:88291; Date:30-Nov-2025 06:13",Bank_A
24-Nov-2025 21:41,"Debit: NGN 14,635.58 for Airtel Airtime @ Lagos on 24-Nov-2025 21:41. Ref:77281. Bal: NGN 45,000.20",Bank_B
25-Nov-2025 03:41,"Debit: NGN 12,975.89 for Indriver @ Lagos on 25-Nov-2025 03:41. Ref:77281. Bal: NGN 45,000.20",Bank_B
18-Oct-2025 01:32,"Debit: NGN 6,905.15 for Dominos Pizza @ Lagos on 18-Oct-2025 01:32. Ref:77281. Bal: NGN 45,000.20",Bank_B
08-Sep-2025 06:17,"Debit: NGN 9,057.28 for Bolt @ Lagos on 08-Sep-2025 06:17. Ref:77281. Bal: NGN 45,000.20",Bank_B
30-Nov-2025 14:22,"Acct: 123***45; Amt:N2,302.03 DR; Desc:Ikeja Electric POS Ref:88291; Date:30-Nov-2025 14:22",Bank_A
28-Sep-2025 11:39,"Debit: NGN 39,726.04 for Trf to Sibling @ Lagos on 28-Sep-2025 11:39. Ref:77281. Bal: NGN 45,000.20",Bank_B
24-Sep-2025 06:08,"Debit: NGN 11,000.24 for Chicken Republic @ Lagos on 24-Sep-2025 06:08. Ref:77281. Bal: NGN 45,000.20",Bank_B
07-Oct-2025 09:24,"Debit: NGN 19,065.99 for Airtel Airtime @ Lagos on 07-Oct-2025 09:24. Ref:77281. Bal: NGN 45,000.20",Bank_B
12-Nov-2025 10:22,"Debit: NGN 33,236.02 for Shoprite @ Lagos on 12-Nov-2025 10:22. Ref:77281. Bal: NGN 45,000.20",Bank_B
19-Sep-2025 09:56,"Acct: 123***45; Amt:N12,954.68 DR; Desc:Oando Fuel Stn POS Ref:88291; Date:19-Sep-2025 09:56",Bank_A
06-Nov-2025 19:12,"Debit: NGN 10,114.49 for Chowdeck @ Lagos on 06-Nov-2025 19:12. Ref:77281. Bal: NGN 45,000.20",Bank_B
27-Oct-2025 03:12,"Debit: NGN 63,545.07 for Trf to Emeka @ Lagos on 27-Oct-2025 03:12. Ref:77281. Bal: NGN 45,000.20",Bank_B
24-Nov-2025 04:04,"Debit: NGN 15,367.77 for Prince Ebeano @ Lagos on 24-Nov-2025 04:04. Ref:77281. Bal: NGN 45,000.20",Bank_B
23-Oct-2025 11:22,"Debit: NGN 134,502.66 for Trf to Mum @ Lagos on 23-Oct-2025 11:22. Ref:77281. Bal: NGN 45,000.20",Bank_B
06-Sep-2025 01:07,"Acct: 123***45; Amt:N4,500.00 DR; Desc:Showmax POS Ref:88291; Date:06-Sep-2025 01:07",Bank_A
19-Sep-2025 23:20,"Acct: 123***45; Amt:N116,180.11 DR; Desc:Trf to Emeka POS Ref:88291; Date:19-Sep-2025 23:20",Bank_A
10-Sep-2025 23:39,"Debit: NGN 4,772.95 for Mega Chicken @ Lagos on 10-Sep-2025 23:39. Ref:77281. Bal: NGN 45,000.20",Bank_B
18-Sep-2025 09:39,Acct: 123***45; Amt:N900.00 DR; Desc:Showmax POS Ref:88291; Date:18-Sep-2025 09:39,Bank_A
01-Nov-2025 16:43,"Acct: 123***45; Amt:N134,758.88 DR; Desc:Trf to Mum POS Ref:88291; Date:01-Nov-2025 16:43",Bank_A
09-Oct-2025 03:26,"Debit: NGN 6,300.94 for Uber @ Lagos on 09-Oct-2025 03:26. Ref:77281. Bal: NGN 45,000.20",Bank_B
25-Nov-2025 00:04,"Debit: NGN 24,300.07 for Prince Ebeano @ Lagos on 25-Nov-2025 00:04. Ref:77281. Bal: NGN 45,000.20",Bank_B
11-Nov-2025 14:21,"Acct: 123***45; Amt:N11,617.07 DR; Desc:Justrite POS Ref:88291; Date:11-Nov-2025 14:21",Bank_A
07-Oct-2025 15:48,"Acct: 123***45; Amt:N41,737.45 DR; Desc:Justrite POS Ref:88291; Date:07-Oct-2025 15:48",Bank_A
11-Nov-2025 13:52,"Debit: NGN 1,976.61 for Bolt @ Lagos on 11-Nov-2025 13:52. Ref:77281. Bal: NGN 45,000.20",Bank_B
19-Oct-2025 09:11,"Acct: 123***45; Amt:N141,831.61 DR; Desc:Trf to Emeka POS Ref:88291; Date:19-Oct-2025 09:11",Bank_A
24-Nov-2025 07:30,"Acct: 123***45; Amt:N4,276.25 DR; Desc:Ikeja Electric POS Ref:88291; Date:24-Nov-2025 07:30",Bank_A
19-Oct-2025 01:37,"Acct: 123***45; Amt:N29,000.00 DR; Desc:Spotify POS Ref:88291; Date:19-Oct-2025 01:37",Bank_A
21-Oct-2025 19:56,"Acct: 123***45; Amt:N9,912.88 DR; Desc:Airtel Airtime POS Ref:88291; Date:21-Oct-2025 19:56",Bank_A
30-Nov-2025 16:51,"Acct: 123***45; Amt:N9,264.18 DR; Desc:Chowdeck POS Ref:88291; Date:30-Nov-2025 16:51",Bank_A
27-Sep-2025 07:59,"Debit: NGN 33,568.12 for Shoprite @ Lagos on 27-Sep-2025 07:59. Ref:77281. Bal: NGN 45,000.20",Bank_B
29-Sep-2025 23:08,"Acct: 123***45; Amt:N7,035.92 DR; Desc:Ikeja Electric POS Ref:88291; Date:29-Sep-2025 23:08",Bank_A
13-Oct-2025 23:55,"Acct: 123***45; Amt:N4,500.00 DR; Desc:Spotify POS Ref:88291; Date:13-Oct-2025 23:55",Bank_A
16-Sep-2025 06:52,"Acct: 123***45; Amt:N15,778.79 DR; Desc:Prince Ebeano POS Ref:88291; Date:16-Sep-2025 06:52",Bank_A
23-Nov-2025 17:22,"Acct: 123***45; Amt:N7,971.75 DR; Desc:Market Square POS Ref:88291; Date:23-Nov-2025 17:22",Bank_A
27-Nov-2025 05:25,"Acct: 123***45; Amt:N5,239.10 DR; Desc:MTN VTU POS Ref:88291; Date:27-Nov-2025 05:25",Bank_A
17-Sep-2025 23:44,"Debit: NGN 12,145.91 for Smile Data @ Lagos on 17-Sep-2025 23:44. Ref:77281. Bal: NGN 45,000.20",Bank_B
24-Nov-2025 01:17,"Acct: 123***45; Amt:N7,001.23 DR; Desc:Trf to Emeka POS Ref:88291; Date:24-Nov-2025 01:17",Bank_A
10-Oct-2025 20:49,Transaction Failed. Please try again later.,Bank_A
27-Nov-2025 10:02,"Acct: 123***45; Amt:N98,170.59 DR; Desc:Trf to Emeka POS Ref:88291; Date:27-Nov-2025 10:02",Bank_A
03-Oct-2025 04:30,"Acct: 123***45; Amt:N25,604.48 DR; Desc:Prince Ebeano POS Ref:88291; Date:03-Oct-2025 04:30",Bank_A
23-Oct-2025 02:34,"Debit: NGN 10,683.03 for Mega Chicken @ Lagos on 23-Oct-2025 02:34. Ref:77281. Bal: NGN 45,000.20",Bank_B
13-Sep-2025 00:56,"Acct: 123***45; Amt:N4,500.00 DR; Desc:Netflix POS Ref:88291; Date:13-Sep-2025 00:56",Bank_A
03-Oct-2025 11:43,"Acct: 123***45; Amt:N10,997.97 DR; Desc:Chicken Republic POS Ref:88291; Date:03-Oct-2025 11:43",Bank_A
03-Oct-2025 22:47,"Acct: 123***45; Amt:N8,291.00 DR; Desc:Mega Chicken POS Ref:88291; Date:03-Oct-2025 22:47",Bank_A
27-Sep-2025 19:28,"Acct: 123***45; Amt:N17,390.00 DR; Desc:Trf to Mum POS Ref:88291; Date:27-Sep-2025 19:28",Bank_A
20-Sep-2025 16:15,"Debit: NGN 10,608.92 for Indriver @ Lagos on 20-Sep-2025 16:15. Ref:77281. Bal: NGN 45,000.20",Bank_B
06-Sep-2025 20:37,"Acct: 123***45; Amt:N10,987.60 DR; Desc:Bolt POS Ref:88291; Date:06-Sep-2025 20:37",Bank_A
02-Nov-2025 22:10,"Debit: NGN 6,293.72 for Dominos Pizza @ Lagos on 02-Nov-2025 22:10. Ref:77281. Bal: NGN 45,000.20",Bank_B
15-Nov-2025 20:01,"Debit: NGN 1,200.00 for Spotify @ Lagos on 15-Nov-2025 20:01. Ref:77281. Bal: NGN 45,000.20",Bank_B
11-Nov-2025 02:51,"Debit: NGN 7,143.80 for Oando Fuel Stn @ Lagos on 11-Nov-2025 02:51. Ref:77281. Bal: NGN 45,000.20",Bank_B
24-Nov-2025 20:25,"Debit: NGN 11,156.36 for Ikeja Electric @ Lagos on 24-Nov-2025 20:25. Ref:77281. Bal: NGN 45,000.20",Bank_B
10-Sep-2025 01:17,"Acct: 123***45; Amt:N11,497.55 DR; Desc:Dominos Pizza POS Ref:88291; Date:10-Sep-2025 01:17",Bank_A
31-Oct-2025 01:32,"Debit: NGN 2,662.90 for Ikeja Electric @ Lagos on 31-Oct-2025 01:32. Ref:77281. Bal: NGN 45,000.20",Bank_B
02-Oct-2025 17:34,"Debit: NGN 1,976.28 for Oando Fuel Stn @ Lagos on 02-Oct-2025 17:34. Ref:77281. Bal: NGN 45,000.20",Bank_B
30-Sep-2025 20:44,"Debit: NGN 4,333.72 for Total Energies @ Lagos on 30-Sep-2025 20:44. Ref:77281. Bal: NGN 45,000.20",Bank_B
26-Oct-2025 23:16,"Debit: NGN 142,262.10 for Trf to Landlord @ Lagos on 26-Oct-2025 23:16. Ref:77281. Bal: NGN 45,000.20",Bank_B
06-Nov-2025 06:46,"Debit: NGN 71,727.42 for Trf to Emeka @ Lagos on 06-Nov-2025 06:46. Ref:77281. Bal: NGN 45,000.20",Bank_B
10-Sep-2025 16:07,"Acct: 123***45; Amt:N37,861.63 DR; Desc:Justrite POS Ref:88291; Date:10-Sep-2025 16:07",Bank_A
01-Nov-2025 21:13,"Acct: 123***45; Amt:N15,268.22 DR; Desc:Smile Data POS Ref:88291; Date:01-Nov-2025 21:13",Bank_A
13-Nov-2025 08:36,"Acct: 123***45; Amt:N38,407.61 DR; Desc:Justrite POS Ref:88291; Date:13-Nov-2025 08:36",Bank_A
21-Oct-2025 14:33,"Debit: NGN 13,353.69 for Airtel Airtime @ Lagos on 21-Oct-2025 14:33. Ref:77281. Bal: NGN 45,000.20",Bank_B
08-Oct-2025 07:24,"Debit: NGN 14,896.64 for MTN VTU @ Lagos on 08-Oct-2025 07:24. Ref:77281. Bal: NGN 45,000.20",Bank_B
11-Sep-2025 01:35,"Debit: NGN 11,147.24 for MTN VTU @ Lagos on 11-Sep-2025 01:35. Ref:77281. Bal: NGN 45,000.20",Bank_B
26-Oct-2025 23:58,"Acct: 123***45; Amt:N8,515.06 DR; Desc:Total Energies POS Ref:88291; Date:26-Oct-2025 23:58",Bank_A
25-Oct-2025 22:02,"Acct: 123***45; Amt:N34,780.98 DR; Desc:Spar POS Ref:88291; Date:25-Oct-2025 22:02",Bank_A
26-Sep-2025 13:33,"Acct: 123***45; Amt:N12,614.46 DR; Desc:Oando Fuel Stn POS Ref:88291; Date:26-Sep-2025 13:33",Bank_A
03-Nov-2025 15:39,"Debit: NGN 118,701.83 for Trf to Emeka @ Lagos on 03-Nov-2025 15:39. Ref:77281. Bal: NGN 45,000.20",Bank_B
19-Nov-2025 04:35,"Acct: 123***45; Amt:N14,788.92 DR; Desc:Prince Ebeano POS Ref:88291; Date:19-Nov-2025 04:35",Bank_A
24-Sep-2025 07:38,"Debit: NGN 8,305.93 for Chowdeck @ Lagos on 24-Sep-2025 07:38. Ref:77281. Bal: NGN 45,000.20",Bank_B
11-Nov-2025 13:49,"Acct: 123***45; Amt:N107,804.01 DR; Desc:Trf to Landlord POS Ref:88291; Date:11-Nov-2025 13:49",Bank_A
16-Sep-2025 00:05,"Acct: 123***45; Amt:N100,483.82 DR; Desc:Trf to Emeka POS Ref:88291; Date:16-Sep-2025 00:05",Bank_A
26-Oct-2025 17:43,"Acct: 123***45; Amt:N14,390.81 DR; Desc:Bolt POS Ref:88291; Date:26-Oct-2025 17:43",Bank_A
03-Oct-2025 00:42,"Acct: 123***45; Amt:N11,564.37 DR; Desc:Indriver POS Ref:88291; Date:03-Oct-2025 00:42",Bank_A
16-Oct-2025 14:48,Acct: 123***45; Amt:N900.00 DR; Desc:Showmax POS Ref:88291; Date:16-Oct-2025 14:48,Bank_A
19-Nov-2025 04:37,"Debit: NGN 1,654.34 for MTN VTU @ Lagos on 19-Nov-2025 04:37. Ref:77281. Bal: NGN 45,000.20",Bank_B
11-Sep-2025 21:36,"Debit: NGN 1,625.49 for Ikeja Electric @ Lagos on 11-Sep-2025 21:36. Ref:77281. Bal: NGN 45,000.20",Bank_B
09-Sep-2025 01:42,"Debit: NGN 10,244.30 for Ikeja Electric @ Lagos on 09-Sep-2025 01:42. Ref:77281. Bal: NGN 45,000.20",Bank_B
18-Oct-2025 23:36,"Acct: 123***45; Amt:N35,915.63 DR; Desc:Trf to Sibling POS Ref:88291; Date:18-Oct-2025 23:36",Bank_A
28-Oct-2025 21:33,"Debit: NGN 14,124.70 for Smile Data @ Lagos on 28-Oct-2025 21:33. Ref:77281. Bal: NGN 45,000.20",Bank_B
08-Sep-2025 16:57,"Acct: 123***45; Amt:N10,177.08 DR; Desc:Airtel Airtime POS Ref:88291; Date:08-Sep-2025 16:57",Bank_A
12-Oct-2025 03:24,"Acct: 123***45; Amt:N25,491.97 DR; Desc:Spar POS Ref:88291; Date:12-Oct-2025 03:24",Bank_A
18-Sep-2025 07:31,"Debit: NGN 10,490.68 for Uber @ Lagos on 18-Sep-2025 07:31. Ref:77281. Bal: NGN 45,000.20",Bank_B
21-Nov-2025 10:23,"Debit: NGN 10,975.36 for Mega Chicken @ Lagos on 21-Nov-2025 10:23. Ref:77281. Bal: NGN 45,000.20",Bank_B
17-Sep-2025 11:04,"Acct: 123***45; Amt:N57,923.53 DR; Desc:Trf to Landlord POS Ref:88291; Date:17-Sep-2025 11:04",Bank_A
06-Nov-2025 02:45,"Acct: 123***45; Amt:N102,514.13 DR; Desc:Trf to Landlord POS Ref:88291; Date:06-Nov-2025 02:45",Bank_A
04-Oct-2025 08:41,"Debit: NGN 29,000.00 for Apple Music @ Lagos on 04-Oct-2025 08:41. Ref:77281. Bal: NGN 45,000.20",Bank_B
19-Nov-2025 00:46,"Debit: NGN 18,559.39 for Trf to Mum @ Lagos on 19-Nov-2025 00:46. Ref:77281. Bal: NGN 45,000.20",Bank_B
26-Sep-2025 18:04,"Debit: NGN 14,927.83 for Uber @ Lagos on 26-Sep-2025 18:04. Ref:77281. Bal: NGN 45,000.20",Bank_B
03-Nov-2025 21:11,"Acct: 123***45; Amt:N38,451.27 DR; Desc:Spar POS Ref:88291; Date:03-Nov-2025 21:11",Bank_A
03-Oct-2025 05:50,"Debit: NGN 900.00 for Showmax @ Lagos on 03-Oct-2025 05:50. Ref:77281. Bal: NGN 45,000.20",Bank_B
27-Sep-2025 09:02,"Debit: NGN 10,096.73 for Smile Data @ Lagos on 27-Sep-2025 09:02. Ref:77281. Bal: NGN 45,000.20",Bank_B
10-Sep-2025 03:44,"Acct: 123***45; Amt:N4,317.56 DR; Desc:Chicken Republic POS Ref:88291; Date:10-Sep-2025 03:44",Bank_A
01-Dec-2025 17:47,"Acct: 123***45; Amt:N7,986.18 DR; Desc:Smile Data POS Ref:88291; Date:01-Dec-2025 17:47",Bank_A
01-Dec-2025 18:43,"Debit: NGN 36,786.43 for Prince Ebeano @ Lagos on 01-Dec-2025 18:43. Ref:77281. Bal: NGN 45,000.20",Bank_B
28-Sep-2025 13:09,"Debit: NGN 146,898.71 for Trf to Sibling @ Lagos on 28-Sep-2025 13:09. Ref:77281. Bal: NGN 45,000.20",Bank_B
02-Nov-2025 00:01,"Acct: 123***45; Amt:N8,863.71 DR; Desc:Bolt POS Ref:88291; Date:02-Nov-2025 00:01",Bank_A
09-Sep-2025 12:17,"Acct: 123***45; Amt:N22,939.95 DR; Desc:Spar POS Ref:88291; Date:09-Sep-2025 12:17",Bank_A
03-Dec-2025 16:03,"Debit: NGN 4,302.46 for The Place @ Lagos on 03-Dec-2025 16:03. Ref:77281. Bal: NGN 45,000.20",Bank_B
11-Sep-2025 22:24,"Debit: NGN 140,649.15 for Trf to Emeka @ Lagos on 11-Sep-2025 22:24. Ref:77281. Bal: NGN 45,000.20",Bank_B
23-Oct-2025 12:20,"Acct: 123***45; Amt:N7,008.65 DR; Desc:Ikeja Electric POS Ref:88291; Date:23-Oct-2025 12:20",Bank_A
13-Oct-2025 05:57,"Debit: NGN 1,200.00 for Spotify @ Lagos on 13-Oct-2025 05:57. Ref:77281. Bal: NGN 45,000.20",Bank_B
07-Nov-2025 16:24,"Acct: 123***45; Amt:N11,422.02 DR; Desc:Bolt POS Ref:88291; Date:07-Nov-2025 16:24",Bank_A
27-Oct-2025 12:05,"Debit: NGN 39,324.35 for Prince Ebeano @ Lagos on 27-Oct-2025 12:05. Ref:77281. Bal: NGN 45,000.20",Bank_B
21-Oct-2025 08:57,"Debit: NGN 17,934.20 for Market Square @ Lagos on 21-Oct-2025 08:57. Ref:77281. Bal: NGN 45,000.20",Bank_B
07-Oct-2025 14:11,"Debit: NGN 9,282.73 for Indriver @ Lagos on 07-Oct-2025 14:11. Ref:77281. Bal: NGN 45,000.20",Bank_B
20-Sep-2025 08:50,"Acct: 123***45; Amt:N56,406.24 DR; Desc:Trf to Emeka POS Ref:88291; Date:20-Sep-2025 08:50",Bank_A
20-Oct-2025 18:47,"Debit: NGN 29,000.00 for Showmax @ Lagos on 20-Oct-2025 18:47. Ref:77281. Bal: NGN 45,000.20",Bank_B
04-Dec-2025 09:46,"Acct: 123***45; Amt:N1,322.48 DR; Desc:Ikeja Electric POS Ref:88291; Date:04-Dec-2025 09:46",Bank_A
30-Nov-2025 10:45,"Debit: NGN 29,334.77 for Trf to Emeka @ Lagos on 30-Nov-2025 10:45. Ref:77281. Bal: NGN 45,000.20",Bank_B
24-Oct-2025 06:39,"Acct: 123***45; Amt:N14,552.04 DR; Desc:Justrite POS Ref:88291; Date:24-Oct-2025 06:39",Bank_A
20-Oct-2025 18:22,"Debit: NGN 14,252.43 for Ikeja Electric @ Lagos on 20-Oct-2025 18:22. Ref:77281. Bal: NGN 45,000.20",Bank_B
24-Sep-2025 01:43,"Debit: NGN 65,103.84 for Trf to Emeka @ Lagos on 24-Sep-2025 01:43. Ref:77281. Bal: NGN 45,000.20",Bank_B
20-Sep-2025 17:48,"Debit: NGN 29,000.00 for Spotify @ Lagos on 20-Sep-2025 17:48. Ref:77281. Bal: NGN 45,000.20",Bank_B
08-Oct-2025 19:33,"Acct: 123***45; Amt:N4,005.68 DR; Desc:The Place POS Ref:88291; Date:08-Oct-2025 19:33",Bank_A
23-Sep-2025 19:38,"Debit: NGN 69,454.49 for Trf to Sibling @ Lagos on 23-Sep-2025 19:38. Ref:77281. Bal: NGN 45,000.20",Bank_B
26-Nov-2025 01:09,"Debit: NGN 17,526.23 for Ikeja Electric @ Lagos on 26-Nov-2025 01:09. Ref:77281. Bal: NGN 45,000.20",Bank_B
01-Oct-2025 06:16,"Acct: 123***45; Amt:N4,500.00 DR; Desc:Showmax POS Ref:88291; Date:01-Oct-2025 06:16",Bank_A
15-Nov-2025 20:36,"Acct: 123***45; Amt:N45,576.30 DR; Desc:Trf to Emeka POS Ref:88291; Date:15-Nov-2025 20:36",Bank_A
22-Oct-2025 05:27,"Debit: NGN 5,050.79 for The Place @ Lagos on 22-Oct-2025 05:27. Ref:77281. Bal: NGN 45,000.20",Bank_B
05-Nov-2025 22:48,"Debit: NGN 11,795.57 for Chowdeck @ Lagos on 05-Nov-2025 22:48. Ref:77281. Bal: NGN 45,000.20",Bank_B
05-Nov-2025 01:56,"Acct: 123***45; Amt:N3,416.42 DR; Desc:Oando Fuel Stn POS Ref:88291; Date:05-Nov-2025 01:56",Bank_A
05-Oct-2025 00:47,"Acct: 123***45; Amt:N1,200.00 DR; Desc:Netflix POS Ref:88291; Date:05-Oct-2025 00:47",Bank_A
30-Sep-2025 01:26,"Acct: 123***45; Amt:N13,381.93 DR; Desc:Airtel Airtime POS Ref:88291; Date:30-Sep-2025 01:26",Bank_A
08-Oct-2025 19:33,"Acct: 123***45; Amt:N16,256.66 DR; Desc:Ikeja Electric POS Ref:88291; Date:08-Oct-2025 19:33",Bank_A
08-Sep-2025 08:25,"Debit: NGN 60,747.99 for Trf to Landlord @ Lagos on 08-Sep-2025 08:25. Ref:77281. Bal: NGN 45,000.20",Bank_B
11-Sep-2025 03:32,"Acct: 123***45; Amt:N102,153.59 DR; Desc:Trf to Sibling POS Ref:88291; Date:11-Sep-2025 03:32",Bank_A
11-Oct-2025 08:05,"Debit: NGN 900.00 for DSTV Premium @ Lagos on 11-Oct-2025 08:05. Ref:77281. Bal: NGN 45,000.20",Bank_B
02-Nov-2025 15:51,"Acct: 123***45; Amt:N28,099.64 DR; Desc:Justrite POS Ref:88291; Date:02-Nov-2025 15:51",Bank_A
22-Oct-2025 06:05,"Acct: 123***45; Amt:N92,678.25 DR; Desc:Trf to Mum POS Ref:88291; Date:22-Oct-2025 06:05",Bank_A
18-Nov-2025 23:35,"Acct: 123***45; Amt:N1,495.11 DR; Desc:Ikeja Electric POS Ref:88291; Date:18-Nov-2025 23:35",Bank_A
03-Nov-2025 06:30,"Debit: NGN 7,081.56 for Uber @ Lagos on 03-Nov-2025 06:30. Ref:77281. Bal: NGN 45,000.20",Bank_B
19-Sep-2025 13:14,"Acct: 123***45; Amt:N10,264.88 DR; Desc:The Place POS Ref:88291; Date:19-Sep-2025 13:14",Bank_A
20-Sep-2025 05:47,"Debit: NGN 900.00 for Netflix @ Lagos on 20-Sep-2025 05:47. Ref:77281. Bal: NGN 45,000.20",Bank_B
19-Sep-2025 06:41,"Debit: NGN 29,266.96 for Spar @ Lagos on 19-Sep-2025 06:41. Ref:77281. Bal: NGN 45,000.20",Bank_B
25-Sep-2025 20:46,"Acct: 123***45; Amt:N66,253.82 DR; Desc:Trf to Mum POS Ref:88291; Date:25-Sep-2025 20:46",Bank_A
05-Sep-2025 13:20,"Debit: NGN 7,860.22 for Shoprite @ Lagos on 05-Sep-2025 13:20. Ref:77281. Bal: NGN 45,000.20",Bank_B
26-Nov-2025 00:43,"Debit: NGN 41,555.07 for Market Square @ Lagos on 26-Nov-2025 00:43. Ref:77281. Bal: NGN 45,000.20",Bank_B
10-Oct-2025 13:20,"Debit: NGN 3,377.80 for Ikeja Electric @ Lagos on 10-Oct-2025 13:20. Ref:77281. Bal: NGN 45,000.20",Bank_B
19-Sep-2025 23:05,"Debit: NGN 117,680.00 for Trf to Mum @ Lagos on 19-Sep-2025 23:05. Ref:77281. Bal: NGN 45,000.20",Bank_B
29-Sep-2025 08:54,"Acct: 123***45; Amt:N8,386.61 DR; Desc:Chowdeck POS Ref:88291; Date:29-Sep-2025 08:54",Bank_A
05-Sep-2025 15:56,"Debit: NGN 13,807.93 for Uber @ Lagos on 05-Sep-2025 15:56. Ref:77281. Bal: NGN 45,000.20",Bank_B
25-Sep-2025 18:06,"Debit: NGN 34,366.49 for Prince Ebeano @ Lagos on 25-Sep-2025 18:06. Ref:77281. Bal: NGN 45,000.20",Bank_B
03-Oct-2025 22:32,Acct: 123***45; Amt:N900.00 DR; Desc:DSTV Premium POS Ref:88291; Date:03-Oct-2025 22:32,Bank_A
04-Oct-2025 11:23,"Acct: 123***45; Amt:N5,665.18 DR; Desc:The Place POS Ref:88291; Date:04-Oct-2025 11:23",Bank_A
19-Oct-2025 23:14,"Acct: 123***45; Amt:N59,837.37 DR; Desc:Trf to Landlord POS Ref:88291; Date:19-Oct-2025 23:14",Bank_A
11-Nov-2025 02:49,"Debit: NGN 9,731.87 for Chowdeck @ Lagos on 11-Nov-2025 02:49. Ref:77281. Bal: NGN 45,000.20",Bank_B
18-Sep-2025 15:22,"Acct: 123***45; Amt:N5,836.56 DR; Desc:Total Energies POS Ref:88291; Date:18-Sep-2025 15:22",Bank_A
29-Nov-2025 15:27,"Acct: 123***45; Amt:N10,823.17 DR; Desc:Bolt POS Ref:88291; Date:29-Nov-2025 15:27",Bank_A
08-Sep-2025 23:33,"Acct: 123***45; Amt:N1,200.00 DR; Desc:DSTV Premium POS Ref:88291; Date:08-Sep-2025 23:33",Bank_A
07-Sep-2025 17:21,"Debit: NGN 10,072.09 for Airtel Airtime @ Lagos on 07-Sep-2025 17:21. Ref:77281. Bal: NGN 45,000.20",Bank_B
14-Nov-2025 19:13,"Debit: NGN 2,150.34 for Bolt @ Lagos on 14-Nov-2025 19:13. Ref:77281. Bal: NGN 45,000.20",Bank_B
01-Nov-2025 06:11,"Debit: NGN 7,379.05 for Smile Data @ Lagos on 01-Nov-2025 06:11. Ref:77281. Bal: NGN 45,000.20",Bank_B
04-Oct-2025 06:46,"Acct: 123***45; Amt:N5,175.59 DR; Desc:Ikeja Electric POS Ref:88291; Date:04-Oct-2025 06:46",Bank_A
07-Sep-2025 23:14,"Debit: NGN 37,872.29 for Justrite @ Lagos on 07-Sep-2025 23:14. Ref:77281. Bal: NGN 45,000.20",Bank_B
25-Sep-2025 04:48,"Acct: 123***45; Amt:N1,895.99 DR; Desc:Bolt POS Ref:88291; Date:25-Sep-2025 04:48",Bank_A
27-Sep-2025 13:49,"Acct: 123***45; Amt:N90,882.34 DR; Desc:Trf to Mum POS Ref:88291; Date:27-Sep-2025 13:49",Bank_A
25-Sep-2025 18:57,"Acct: 123***45; Amt:N15,220.05 DR; Desc:Smile Data POS Ref:88291; Date:25-Sep-2025 18:57",Bank_A
01-Nov-2025 09:12,"Debit: NGN 7,246.57 for Dominos Pizza @ Lagos on 01-Nov-2025 09:12. Ref:77281. Bal: NGN 45,000.20",Bank_B
06-Sep-2025 04:48,"Debit: NGN 7,392.01 for Mega Chicken @ Lagos on 06-Sep-2025 04:48. Ref:77281. Bal: NGN 45,000.20",Bank_B
19-Sep-2025 19:41,"Acct: 123***45; Amt:N37,130.19 DR; Desc:Spar POS Ref:88291; Date:19-Sep-2025 19:41",Bank_A
04-Nov-2025 23:23,"Debit: NGN 101,380.03 for Trf to Landlord @ Lagos on 04-Nov-2025 23:23. Ref:77281. Bal: NGN 45,000.20",Bank_B
26-Nov-2025 19:40,"Debit: NGN 4,500.00 for Showmax @ Lagos on 26-Nov-2025 19:40. Ref:77281. Bal: NGN 45,000.20",Bank_B
18-Sep-2025 17:35,"Debit: NGN 6,652.02 for Chicken Republic @ Lagos on 18-Sep-2025 17:35. Ref:77281. Bal: NGN 45,000.20",Bank_B
03-Nov-2025 05:17,"Debit: NGN 900.00 for Apple Music @ Lagos on 03-Nov-2025 05:17. Ref:77281. Bal: NGN 45,000.20",Bank_B
05-Nov-2025 19:30,"Debit: NGN 20,816.34 for Market Square @ Lagos on 05-Nov-2025 19:30. Ref:77281. Bal: NGN 45,000.20",Bank_B
06-Nov-2025 02:35,"Acct: 123***45; Amt:N2,007.01 DR; Desc:Indriver POS Ref:88291; Date:06-Nov-2025 02:35",Bank_A
10-Nov-2025 12:09,"Acct: 123***45; Amt:N3,060.73 DR; Desc:Total Energies POS Ref:88291; Date:10-Nov-2025 12:09",Bank_A
17-Oct-2025 23:55,"Acct: 123***45; Amt:N11,700.71 DR; Desc:Market Square POS Ref:88291; Date:17-Oct-2025 23:55",Bank_A
12-Oct-2025 13:37,"Acct: 123***45; Amt:N128,114.31 DR; Desc:Trf to Emeka POS Ref:88291; Date:12-Oct-2025 13:37",Bank_A
03-Dec-2025 21:24,"Acct: 123***45; Amt:N4,410.76 DR; Desc:Oando Fuel Stn POS Ref:88291; Date:03-Dec-2025 21:24",Bank_A
24-Oct-2025 07:35,"Acct: 123***45; Amt:N54,315.21 DR; Desc:Trf to Emeka POS Ref:88291; Date:24-Oct-2025 07:35",Bank_A
19-Sep-2025 19:39,"Debit: NGN 2,268.75 for Airtel Airtime @ Lagos on 19-Sep-2025 19:39. Ref:77281. Bal: NGN 45,000.20",Bank_B
02-Nov-2025 15:22,"Acct: 123***45; Amt:N27,624.37 DR; Desc:Spar POS Ref:88291; Date:02-Nov-2025 15:22",Bank_A
12-Sep-2025 03:57,"Debit: NGN 8,194.12 for Chowdeck @ Lagos on 12-Sep-2025 03:57. Ref:77281. Bal: NGN 45,000.20",Bank_B
18-Oct-2025 20:18,"Acct: 123***45; Amt:N67,580.91 DR; Desc:Trf to Landlord POS Ref:88291; Date:18-Oct-2025 20:18",Bank_A
10-Oct-2025 17:41,"Acct: 123***45; Amt:N10,726.65 DR; Desc:Smile Data POS Ref:88291; Date:10-Oct-2025 17:41",Bank_A
08-Oct-2025 15:48,"Acct: 123***45; Amt:N91,204.43 DR; Desc:Trf to Emeka POS Ref:88291; Date:08-Oct-2025 15:48",Bank_A
01-Dec-2025 15:33,"Debit: NGN 12,978.86 for Airtel Airtime @ Lagos on 01-Dec-2025 15:33. Ref:77281. Bal: NGN 45,000.20",Bank_B
13-Nov-2025 17:24,"Debit: NGN 3,466.60 for Total Energies @ Lagos on 13-Nov-2025 17:24. Ref:77281. Bal: NGN 45,000.20",Bank_B
17-Nov-2025 00:32,"Debit: NGN 900.00 for Spotify @ Lagos on 17-Nov-2025 00:32. Ref:77281. Bal: NGN 45,000.20",Bank_B
23-Oct-2025 14:04,"Debit: NGN 107,392.50 for Trf to Mum @ Lagos on 23-Oct-2025 14:04. Ref:77281. Bal: NGN 45,000.20",Bank_B
27-Sep-2025 15:52,"Acct: 123***45; Amt:N4,500.00 DR; Desc:Showmax POS Ref:88291; Date:27-Sep-2025 15:52",Bank_A
30-Oct-2025 07:21,"Debit: NGN 22,070.60 for Spar @ Lagos on 30-Oct-2025 07:21. Ref:77281. Bal: NGN 45,000.20",Bank_B
19-Sep-2025 13:56,"Acct: 123***45; Amt:N11,570.65 DR; Desc:Chicken Republic POS Ref:88291; Date:19-Sep-2025 13:56",Bank_A
05-Nov-2025 00:05,"Debit: NGN 142,548.60 for Trf to Sibling @ Lagos on 05-Nov-2025 00:05. Ref:77281. Bal: NGN 45,000.20",Bank_B
29-Nov-2025 01:12,"Acct: 123***45; Amt:N2,772.60 DR; Desc:MTN VTU POS Ref:88291; Date:29-Nov-2025 01:12",Bank_A
11-Nov-2025 17:37,"Acct: 123***45; Amt:N12,120.44 DR; Desc:Total Energies POS Ref:88291; Date:11-Nov-2025 17:37",Bank_A
19-Sep-2025 19:18,"Acct: 123***45; Amt:N26,729.59 DR; Desc:Prince Ebeano POS Ref:88291; Date:19-Sep-2025 19:18",Bank_A
14-Nov-2025 02:02,"Acct: 123***45; Amt:N1,200.00 DR; Desc:Netflix POS Ref:88291; Date:14-Nov-2025 02:02",Bank_A
11-Oct-2025 00:08,Acct: 123***45; Amt:N900.00 DR; Desc:Apple Music POS Ref:88291; Date:11-Oct-2025 00:08,Bank_A
13-Sep-2025 01:35,"Debit: NGN 8,190.19 for MTN VTU @ Lagos on 13-Sep-2025 01:35. Ref:77281. Bal: NGN 45,000.20",Bank_B
14-Nov-2025 08:39,"Debit: NGN 900.00 for Showmax @ Lagos on 14-Nov-2025 08:39. Ref:77281. Bal: NGN 45,000.20",Bank_B
26-Nov-2025 18:37,"Debit: NGN 5,843.61 for Total Energies @ Lagos on 26-Nov-2025 18:37. Ref:77281. Bal: NGN 45,000.20",Bank_B
09-Sep-2025 05:32,"Acct: 123***45; Amt:N29,000.00 DR; Desc:Showmax POS Ref:88291; Date:09-Sep-2025 05:32",Bank_A
30-Oct-2025 09:59,"Acct: 123***45; Amt:N18,511.20 DR; Desc:Smile Data POS Ref:88291; Date:30-Oct-2025 09:59",Bank_A
03-Nov-2025 03:33,"Acct: 123***45; Amt:N9,251.79 DR; Desc:The Place POS Ref:88291; Date:03-Nov-2025 03:33",Bank_A
28-Oct-2025 08:51,"Debit: NGN 23,296.16 for Market Square @ Lagos on 28-Oct-2025 08:51. Ref:77281. Bal: NGN 45,000.20",Bank_B
17-Oct-2025 21:34,"Debit: NGN 25,051.28 for Spar @ Lagos on 17-Oct-2025 21:34. Ref:77281. Bal: NGN 45,000.20",Bank_B
16-Sep-2025 21:34,"Debit: NGN 14,413.11 for Indriver @ Lagos on 16-Sep-2025 21:34. Ref:77281. Bal: NGN 45,000.20",Bank_B
31-Oct-2025 22:08,"Debit: NGN 45,104.88 for Trf to Sibling @ Lagos on 31-Oct-2025 22:08. Ref:77281. Bal: NGN 45,000.20",Bank_B
24-Oct-2025 10:41,"Debit: NGN 13,957.40 for Prince Ebeano @ Lagos on 24-Oct-2025 10:41. Ref:77281. Bal: NGN 45,000.20",Bank_B
28-Sep-2025 03:37,"Debit: NGN 106,906.70 for Trf to Sibling @ Lagos on 28-Sep-2025 03:37. Ref:77281. Bal: NGN 45,000.20",Bank_B
13-Oct-2025 14:08,"Debit: NGN 5,439.84 for Mega Chicken @ Lagos on 13-Oct-2025 14:08. Ref:77281. Bal: NGN 45,000.20",Bank_B
24-Oct-2025 05:46,"Acct: 123***45; Amt:N1,200.00 DR; Desc:DSTV Premium POS Ref:88291; Date:24-Oct-2025 05:46",Bank_A
02-Dec-2025 09:00,"Acct: 123***45; Amt:N39,924.10 DR; Desc:Justrite POS Ref:88291; Date:02-Dec-2025 09:00",Bank_A
06-Sep-2025 19:46,"Debit: NGN 1,952.01 for Uber @ Lagos on 06-Sep-2025 19:46. Ref:77281. Bal: NGN 45,000.20",Bank_B
15-Sep-2025 20:29,"Acct: 123***45; Amt:N26,820.88 DR; Desc:Trf to Landlord POS Ref:88291; Date:15-Sep-2025 20:29",Bank_A
27-Oct-2025 21:25,"Acct: 123***45; Amt:N4,853.01 DR; Desc:Indriver POS Ref:88291; Date:27-Oct-2025 21:25",Bank_A
25-Sep-2025 11:46,"Debit: NGN 3,988.66 for Total Energies @ Lagos on 25-Sep-2025 11:46. Ref:77281. Bal: NGN 45,000.20",Bank_B
31-Oct-2025 18:21,"Debit: NGN 1,756.35 for Bolt @ Lagos on 31-Oct-2025 18:21. Ref:77281. Bal: NGN 45,000.20",Bank_B
10-Nov-2025 13:59,"Acct: 123***45; Amt:N147,510.87 DR; Desc:Trf to Emeka POS Ref:88291; Date:10-Nov-2025 13:59",Bank_A
15-Sep-2025 17:58,"Debit: NGN 139,194.36 for Trf to Sibling @ Lagos on 15-Sep-2025 17:58. Ref:77281. Bal: NGN 45,000.20",Bank_B
18-Sep-2025 11:41,"Debit: NGN 127,623.84 for Trf to Sibling @ Lagos on 18-Sep-2025 11:41. Ref:77281. Bal: NGN 45,000.20",Bank_B
25-Sep-2025 09:58,"Debit: NGN 13,907.87 for Smile Data @ Lagos on 25-Sep-2025 09:58. Ref:77281. Bal: NGN 45,000.20",Bank_B
02-Dec-2025 04:41,"Acct: 123***45; Amt:N9,586.86 DR; Desc:Ikeja Electric POS Ref:88291; Date:02-Dec-2025 04:41",Bank_A
09-Sep-2025 06:27,"Acct: 123***45; Amt:N6,792.46 DR; Desc:Airtel Airtime POS Ref:88291; Date:09-Sep-2025 06:27",Bank_A
20-Nov-2025 14:25,"Acct: 123***45; Amt:N1,200.00 DR; Desc:Apple Music POS Ref:88291; Date:20-Nov-2025 14:25",Bank_A
28-Nov-2025 13:57,"Acct: 123***45; Amt:N7,266.43 DR; Desc:Chowdeck POS Ref:88291; Date:28-Nov-2025 13:57",Bank_A
02-Nov-2025 19:00,"Acct: 123***45; Amt:N11,496.50 DR; Desc:Chicken Republic POS Ref:88291; Date:02-Nov-2025 19:00",Bank_A
29-Oct-2025 08:24,"Debit: NGN 59,132.03 for Trf to Landlord @ Lagos on 29-Oct-2025 08:24. Ref:77281. Bal: NGN 45,000.20",Bank_B
18-Sep-2025 23:59,"Debit: NGN 22,415.92 for Shoprite @ Lagos on 18-Sep-2025 23:59. Ref:77281. Bal: NGN 45,000.20",Bank_B
21-Oct-2025 08:06,"Debit: NGN 14,106.33 for Spar @ Lagos on 21-Oct-2025 08:06. Ref:77281. Bal: NGN 45,000.20",Bank_B
06-Oct-2025 21:25,"Acct: 123***45; Amt:N4,500.00 DR; Desc:Showmax POS Ref:88291; Date:06-Oct-2025 21:25",Bank_A
06-Sep-2025 19:23,"Debit: NGN 7,889.60 for Dominos Pizza @ Lagos on 06-Sep-2025 19:23. Ref:77281. Bal: NGN 45,000.20",Bank_B
01-Nov-2025 10:53,"Acct: 123***45; Amt:N4,500.00 DR; Desc:Spotify POS Ref:88291; Date:01-Nov-2025 10:53",Bank_A
04-Oct-2025 07:22,"Debit: NGN 6,953.65 for The Place @ Lagos on 04-Oct-2025 07:22. Ref:77281. Bal: NGN 45,000.20",Bank_B
20-Sep-2025 23:36,"Acct: 123***45; Amt:N9,352.59 DR; Desc:Airtel Airtime POS Ref:88291; Date:20-Sep-2025 23:36",Bank_A
05-Oct-2025 19:29,"Acct: 123***45; Amt:N8,063.03 DR; Desc:Total Energies POS Ref:88291; Date:05-Oct-2025 19:29",Bank_A
22-Oct-2025 17:03,"Acct: 123***45; Amt:N13,657.83 DR; Desc:Bolt POS Ref:88291; Date:22-Oct-2025 17:03",Bank_A
08-Sep-2025 17:09,"Debit: NGN 37,000.66 for Justrite @ Lagos on 08-Sep-2025 17:09. Ref:77281. Bal: NGN 45,000.20",Bank_B
08-Nov-2025 04:02,"Debit: NGN 2,505.39 for Uber @ Lagos on 08-Nov-2025 04:02. Ref:77281. Bal: NGN 45,000.20",Bank_B
20-Oct-2025 06:12,Acct: 123***45; Amt:N900.00 DR; Desc:Spotify POS Ref:88291; Date:20-Oct-2025 06:12,Bank_A
02-Dec-2025 03:54,"Acct: 123***45; Amt:N11,436.42 DR; Desc:Oando Fuel Stn POS Ref:88291; Date:02-Dec-2025 03:54",Bank_A
03-Nov-2025 17:19,"Debit: NGN 12,765.45 for Airtel Airtime @ Lagos on 03-Nov-2025 17:19. Ref:77281. Bal: NGN 45,000.20",Bank_B
25-Nov-2025 15:22,"Debit: NGN 29,000.00 for DSTV Premium @ Lagos on 25-Nov-2025 15:22. Ref:77281. Bal: NGN 45,000.20",Bank_B
12-Oct-2025 11:35,"Acct: 123***45; Amt:N37,980.53 DR; Desc:Spar POS Ref:88291; Date:12-Oct-2025 11:35",Bank_A
28-Sep-2025 17:31,"Acct: 123***45; Amt:N1,200.00 DR; Desc:Apple Music POS Ref:88291; Date:28-Sep-2025 17:31",Bank_A
29-Oct-2025 18:29,"Acct: 123***45; Amt:N19,644.46 DR; Desc:Airtel Airtime POS Ref:88291; Date:29-Oct-2025 18:29",Bank_A
20-Oct-2025 02:21,"Debit: NGN 21,644.80 for Spar @ Lagos on 20-Oct-2025 02:21. Ref:77281. Bal: NGN 45,000.20",Bank_B
06-Oct-2025 19:29,"Acct: 123***45; Amt:N19,124.28 DR; Desc:Airtel Airtime POS Ref:88291; Date:06-Oct-2025 19:29",Bank_A
22-Nov-2025 01:49,"Acct: 123***45; Amt:N143,926.11 DR; Desc:Trf to Sibling POS Ref:88291; Date:22-Nov-2025 01:49",Bank_A
17-Sep-2025 04:52,"Acct: 123***45; Amt:N14,505.81 DR; Desc:Indriver POS Ref:88291; Date:17-Sep-2025 04:52",Bank_A
13-Sep-2025 07:43,"Debit: NGN 57,337.78 for Trf to Sibling @ Lagos on 13-Sep-2025 07:43. Ref:77281. Bal: NGN 45,000.20",Bank_B
30-Oct-2025 06:25,"Debit: NGN 106,365.08 for Trf to Emeka @ Lagos on 30-Oct-2025 06:25. Ref:77281. Bal: NGN 45,000.20",Bank_B
18-Oct-2025 05:19,"Acct: 123***45; Amt:N13,243.35 DR; Desc:Justrite POS Ref:88291; Date:18-Oct-2025 05:19",Bank_A
23-Nov-2025 09:58,"Debit: NGN 5,057.19 for Mega Chicken @ Lagos on 23-Nov-2025 09:58. Ref:77281. Bal: NGN 45,000.20",Bank_B
06-Sep-2025 11:54,"Acct: 123***45; Amt:N1,200.00 DR; Desc:Apple Music POS Ref:88291; Date:06-Sep-2025 11:54",Bank_A
16-Oct-2025 23:58,"Acct: 123***45; Amt:N8,171.50 DR; Desc:Uber POS Ref:88291; Date:16-Oct-2025 23:58",Bank_A
24-Nov-2025 02:33,"Debit: NGN 7,010.04 for Chowdeck @ Lagos on 24-Nov-2025 02:33. Ref:77281. Bal: NGN 45,000.20",Bank_B
08-Oct-2025 12:28,"Debit: NGN 11,658.83 for Total Energies @ Lagos on 08-Oct-2025 12:28. Ref:77281. Bal: NGN 45,000.20",Bank_B
11-Oct-2025 00:21,"Debit: NGN 18,416.46 for Shoprite @ Lagos on 11-Oct-2025 00:21. Ref:77281. Bal: NGN 45,000.20",Bank_B
14-Oct-2025 17:50,"Acct: 123***45; Amt:N29,000.00 DR; Desc:Netflix POS Ref:88291; Date:14-Oct-2025 17:50",Bank_A
02-Dec-2025 10:22,"Acct: 123***45; Amt:N17,802.80 DR; Desc:Trf to Landlord POS Ref:88291; Date:02-Dec-2025 10:22",Bank_A
01-Dec-2025 22:41,"Debit: NGN 29,000.00 for Spotify @ Lagos on 01-Dec-2025 22:41. Ref:77281. Bal: NGN 45,000.20",Bank_B
25-Sep-2025 15:53,"Debit: NGN 29,000.00 for Netflix @ Lagos on 25-Sep-2025 15:53. Ref:77281. Bal: NGN 45,000.20",Bank_B
03-Oct-2025 16:34,"Debit: NGN 13,876.78 for Ikeja Electric @ Lagos on 03-Oct-2025 16:34. Ref:77281. Bal: NGN 45,000.20",Bank_B
25-Nov-2025 06:48,"Debit: NGN 18,942.67 for Trf to Sibling @ Lagos on 25-Nov-2025 06:48. Ref:77281. Bal: NGN 45,000.20",Bank_B
04-Nov-2025 15:31,"Debit: NGN 14,715.93 for Total Energies @ Lagos on 04-Nov-2025 15:31. Ref:77281. Bal: NGN 45,000.20",Bank_B
07-Sep-2025 20:25,"Debit: NGN 19,720.98 for Airtel Airtime @ Lagos on 07-Sep-2025 20:25. Ref:77281. Bal: NGN 45,000.20",Bank_B
03-Oct-2025 06:17,"Acct: 123***45; Amt:N11,825.83 DR; Desc:Total Energies POS Ref:88291; Date:03-Oct-2025 06:17",Bank_A
20-Sep-2025 10:57,"Debit: NGN 42,576.30 for Market Square @ Lagos on 20-Sep-2025 10:57. Ref:77281. Bal: NGN 45,000.20",Bank_B
14-Nov-2025 05:40,"Debit: NGN 4,500.00 for Netflix @ Lagos on 14-Nov-2025 05:40. Ref:77281. Bal: NGN 45,000.20",Bank_B
07-Oct-2025 20:39,"Debit: NGN 14,192.71 for Airtel Airtime @ Lagos on 07-Oct-2025 20:39. Ref:77281. Bal: NGN 45,000.20",Bank_B
11-Nov-2025 15:38,"Debit: NGN 11,451.52 for Uber @ Lagos on 11-Nov-2025 15:38. Ref:77281. Bal: NGN 45,000.20",Bank_B
20-Nov-2025 04:09,"Debit: NGN 1,263.85 for Ikeja Electric @ Lagos on 20-Nov-2025 04:09. Ref:77281. Bal: NGN 45,000.20",Bank_B
12-Nov-2025 08:04,"Acct: 123***45; Amt:N13,783.18 DR; Desc:Indriver POS Ref:88291; Date:12-Nov-2025 08:04",Bank_A
09-Sep-2025 19:36,"Acct: 123***45; Amt:N69,605.26 DR; Desc:Trf to Sibling POS Ref:88291; Date:09-Sep-2025 19:36",Bank_A
03-Oct-2025 09:39,"Acct: 123***45; Amt:N10,633.61 DR; Desc:Prince Ebeano POS Ref:88291; Date:03-Oct-2025 09:39",Bank_A
24-Nov-2025 15:48,"Debit: NGN 8,878.83 for Mega Chicken @ Lagos on 24-Nov-2025 15:48. Ref:77281. Bal: NGN 45,000.20",Bank_B
27-Oct-2025 19:47,"Debit: NGN 7,146.42 for Indriver @ Lagos on 27-Oct-2025 19:47. Ref:77281. Bal: NGN 45,000.20",Bank_B
19-Oct-2025 19:44,"Acct: 123***45; Amt:N9,445.95 DR; Desc:Indriver POS Ref:88291; Date:19-Oct-2025 19:44",Bank_A
01-Nov-2025 01:17,"Acct: 123***45; Amt:N38,285.75 DR; Desc:Spar POS Ref:88291; Date:01-Nov-2025 01:17",Bank_A
03-Nov-2025 10:36,"Debit: NGN 10,019.91 for Dominos Pizza @ Lagos on 03-Nov-2025 10:36. Ref:77281. Bal: NGN 45,000.20",Bank_B
10-Sep-2025 18:06,"Acct: 123***45; Amt:N1,200.00 DR; Desc:Netflix POS Ref:88291; Date:10-Sep-2025 18:06",Bank_A
23-Sep-2025 06:53,"Acct: 123***45; Amt:N1,200.00 DR; Desc:Showmax POS Ref:88291; Date:23-Sep-2025 06:53",Bank_A
10-Nov-2025 23:01,"Debit: NGN 9,972.07 for Total Energies @ Lagos on 10-Nov-2025 23:01. Ref:77281. Bal: NGN 45,000.20",Bank_B
14-Nov-2025 20:50,"Acct: 123***45; Amt:N30,023.09 DR; Desc:Prince Ebeano POS Ref:88291; Date:14-Nov-2025 20:50",Bank_A
26-Nov-2025 05:27,"Dear Customer, protect your BVN. Do not disclose to anyone.",Bank_A
08-Nov-2025 18:39,"Acct: 123***45; Amt:N8,907.27 DR; Desc:Chowdeck POS Ref:88291; Date:08-Nov-2025 18:39",Bank_A
21-Nov-2025 23:44,"Acct: 123***45; Amt:N5,835.60 DR; Desc:Chowdeck POS Ref:88291; Date:21-Nov-2025 23:44",Bank_A
14-Sep-2025 01:30,"Debit: NGN 6,139.92 for Airtel Airtime @ Lagos on 14-Sep-2025 01:30. Ref:77281. Bal: NGN 45,000.20",Bank_B
14-Oct-2025 08:57,"Acct: 123***45; Amt:N40,761.00 DR; Desc:Trf to Landlord POS Ref:88291; Date:14-Oct-2025 08:57",Bank_A
28-Nov-2025 08:53,"Debit: NGN 147,183.60 for Trf to Sibling @ Lagos on 28-Nov-2025 08:53. Ref:77281. Bal: NGN 45,000.20",Bank_B
03-Oct-2025 18:56,"Acct: 123***45; Amt:N28,905.18 DR; Desc:Spar POS Ref:88291; Date:03-Oct-2025 18:56",Bank_A
02-Dec-2025 03:24,"Acct: 123***45; Amt:N24,000.74 DR; Desc:Spar POS Ref:88291; Date:02-Dec-2025 03:24",Bank_A
14-Sep-2025 00:21,"Debit: NGN 3,834.29 for Chowdeck @ Lagos on 14-Sep-2025 00:21. Ref:77281. Bal: NGN 45,000.20",Bank_B
05-Sep-2025 18:28,"Acct: 123***45; Amt:N20,184.56 DR; Desc:Prince Ebeano POS Ref:88291; Date:05-Sep-2025 18:28",Bank_A
15-Oct-2025 07:31,"Acct: 123***45; Amt:N81,392.80 DR; Desc:Trf to Mum POS Ref:88291; Date:15-Oct-2025 07:31",Bank_A
04-Oct-2025 20:46,"Acct: 123***45; Amt:N5,636.29 DR; Desc:Airtel Airtime POS Ref:88291; Date:04-Oct-2025 20:46",Bank_A
19-Sep-2025 02:16,"Acct: 123***45; Amt:N4,500.00 DR; Desc:DSTV Premium POS Ref:88291; Date:19-Sep-2025 02:16",Bank_A
15-Sep-2025 00:02,"Acct: 123***45; Amt:N11,081.09 DR; Desc:Dominos Pizza POS Ref:88291; Date:15-Sep-2025 00:02",Bank_A
07-Oct-2025 05:40,"Debit: NGN 34,610.19 for Prince Ebeano @ Lagos on 07-Oct-2025 05:40. Ref:77281. Bal: NGN 45,000.20",Bank_B
10-Sep-2025 02:37,"Acct: 123***45; Amt:N102,297.41 DR; Desc:Trf to Sibling POS Ref:88291; Date:10-Sep-2025 02:37",Bank_A
14-Nov-2025 20:31,"Debit: NGN 109,781.87 for Trf to Landlord @ Lagos on 14-Nov-2025 20:31. Ref:77281. Bal: NGN 45,000.20",Bank_B
12-Oct-2025 19:05,"Acct: 123***45; Amt:N17,938.14 DR; Desc:Airtel Airtime POS Ref:88291; Date:12-Oct-2025 19:05",Bank_A
06-Oct-2025 16:42,"Debit: NGN 1,176.67 for Smile Data @ Lagos on 06-Oct-2025 16:42. Ref:77281. Bal: NGN 45,000.20",Bank_B
06-Nov-2025 00:30,"Debit: NGN 6,133.77 for Uber @ Lagos on 06-Nov-2025 00:30. Ref:77281. Bal: NGN 45,000.20",Bank_B
26-Oct-2025 19:09,"Debit: NGN 91,065.09 for Trf to Mum @ Lagos on 26-Oct-2025 19:09. Ref:77281. Bal: NGN 45,000.20",Bank_B
07-Nov-2025 17:22,"Debit: NGN 18,057.36 for Market Square @ Lagos on 07-Nov-2025 17:22. Ref:77281. Bal: NGN 45,000.20",Bank_B
07-Sep-2025 06:19,"Debit: NGN 106,394.98 for Trf to Mum @ Lagos on 07-Sep-2025 06:19. Ref:77281. Bal: NGN 45,000.20",Bank_B
13-Oct-2025 09:44,"Debit: NGN 2,751.31 for The Place @ Lagos on 13-Oct-2025 09:44. Ref:77281. Bal: NGN 45,000.20",Bank_B
27-Sep-2025 00:03,"Acct: 123***45; Amt:N1,200.00 DR; Desc:Apple Music POS Ref:88291; Date:27-Sep-2025 00:03",Bank_A
15-Nov-2025 21:06,Acct: 123***45; Amt:N900.00 DR; Desc:Netflix POS Ref:88291; Date:15-Nov-2025 21:06,Bank_A
19-Oct-2025 07:07,"Debit: NGN 7,603.68 for Ikeja Electric @ Lagos on 19-Oct-2025 07:07. Ref:77281. Bal: NGN 45,000.20",Bank_B
10-Oct-2025 16:09,"Debit: NGN 5,958.06 for Airtel Airtime @ Lagos on 10-Oct-2025 16:09. Ref:77281. Bal: NGN 45,000.20",Bank_B
19-Sep-2025 18:59,"Debit: NGN 900.00 for Showmax @ Lagos on 19-Sep-2025 18:59. Ref:77281. Bal: NGN 45,000.20",Bank_B
29-Nov-2025 07:25,"Debit: NGN 900.00 for Showmax @ Lagos on 29-Nov-2025 07:25. Ref:77281. Bal: NGN 45,000.20",Bank_B
30-Oct-2025 07:15,"Acct: 123***45; Amt:N15,673.99 DR; Desc:Airtel Airtime POS Ref:88291; Date:30-Oct-2025 07:15",Bank_A
26-Nov-2025 14:11,"Acct: 123***45; Amt:N10,591.00 DR; Desc:Ikeja Electric POS Ref:88291; Date:26-Nov-2025 14:11",Bank_A
29-Oct-2025 07:38,"Debit: NGN 41,001.47 for Trf to Mum @ Lagos on 29-Oct-2025 07:38. Ref:77281. Bal: NGN 45,000.20",Bank_B
26-Sep-2025 22:07,"Acct: 123***45; Amt:N4,192.49 DR; Desc:Oando Fuel Stn POS Ref:88291; Date:26-Sep-2025 22:07",Bank_A
03-Dec-2025 20:52,"Debit: NGN 12,832.48 for MTN VTU @ Lagos on 03-Dec-2025 20:52. Ref:77281. Bal: NGN 45,000.20",Bank_B
18-Sep-2025 23:42,"Debit: NGN 8,262.15 for Chicken Republic @ Lagos on 18-Sep-2025 23:42. Ref:77281. Bal: NGN 45,000.20",Bank_B
30-Oct-2025 05:14,"Acct: 123***45; Amt:N4,041.86 DR; Desc:Indriver POS Ref:88291; Date:30-Oct-2025 05:14",Bank_A
17-Nov-2025 19:43,"Debit: NGN 4,500.00 for Spotify @ Lagos on 17-Nov-2025 19:43. Ref:77281. Bal: NGN 45,000.20",Bank_B
28-Oct-2025 14:28,"Acct: 123***45; Amt:N19,821.52 DR; Desc:Smile Data POS Ref:88291; Date:28-Oct-2025 14:28",Bank_A
07-Nov-2025 02:34,"Debit: NGN 10,968.02 for MTN VTU @ Lagos on 07-Nov-2025 02:34. Ref:77281. Bal: NGN 45,000.20",Bank_B
30-Oct-2025 00:30,"Acct: 123***45; Amt:N4,500.00 DR; Desc:Netflix POS Ref:88291; Date:30-Oct-2025 00:30",Bank_A
17-Nov-2025 22:04,"Acct: 123***45; Amt:N4,500.00 DR; Desc:Showmax POS Ref:88291; Date:17-Nov-2025 22:04",Bank_A
05-Oct-2025 13:44,"Acct: 123***45; Amt:N1,200.00 DR; Desc:Spotify POS Ref:88291; Date:05-Oct-2025 13:44",Bank_A
09-Sep-2025 21:25,"Debit: NGN 8,701.42 for Uber @ Lagos on 09-Sep-2025 21:25. Ref:77281. Bal: NGN 45,000.20",Bank_B
11-Oct-2025 19:11,"Acct: 123***45; Amt:N6,883.70 DR; Desc:Chicken Republic POS Ref:88291; Date:11-Oct-2025 19:11",Bank_A
30-Sep-2025 08:21,"Acct: 123***45; Amt:N40,337.82 DR; Desc:Spar POS Ref:88291; Date:30-Sep-2025 08:21",Bank_A
07-Nov-2025 06:47,"Acct: 123***45; Amt:N105,916.26 DR; Desc:Trf to Mum POS Ref:88291; Date:07-Nov-2025 06:47",Bank_A
03-Nov-2025 23:19,Happy Birthday! We wish you a wonderful year ahead.,Bank_B
16-Oct-2025 22:19,Acct: 123***45; Amt:N900.00 DR; Desc:Netflix POS Ref:88291; Date:16-Oct-2025 22:19,Bank_A
12-Oct-2025 11:02,"Acct: 123***45; Amt:N29,000.00 DR; Desc:Showmax POS Ref:88291; Date:12-Oct-2025 11:02",Bank_A
25-Nov-2025 16:00,"Debit: NGN 11,859.35 for The Place @ Lagos on 25-Nov-2025 16:00. Ref:77281. Bal: NGN 45,000.20",Bank_B
07-Sep-2025 12:23,"Acct: 123***45; Amt:N4,601.25 DR; Desc:Mega Chicken POS Ref:88291; Date:07-Sep-2025 12:23",Bank_A
02-Oct-2025 23:05,"Acct: 123***45; Amt:N5,081.54 DR; Desc:Dominos Pizza POS Ref:88291; Date:02-Oct-2025 23:05",Bank_A
20-Oct-2025 05:25,"Debit: NGN 11,955.41 for Prince Ebeano @ Lagos on 20-Oct-2025 05:25. Ref:77281. Bal: NGN 45,000.20",Bank_B
06-Nov-2025 10:35,"Debit: NGN 11,920.84 for Mega Chicken @ Lagos on 06-Nov-2025 10:35. Ref:77281. Bal: NGN 45,000.20",Bank_B
29-Oct-2025 15:08,"Debit: NGN 29,000.00 for Spotify @ Lagos on 29-Oct-2025 15:08. Ref:77281. Bal: NGN 45,000.20",Bank_B
23-Sep-2025 03:10,"Acct: 123***45; Amt:N7,573.13 DR; Desc:Uber POS Ref:88291; Date:23-Sep-2025 03:10",Bank_A
20-Sep-2025 11:48,"Debit: NGN 7,075.33 for Chowdeck @ Lagos on 20-Sep-2025 11:48. Ref:77281. Bal: NGN 45,000.20",Bank_B
28-Sep-2025 11:35,"Acct: 123***45; Amt:N3,066.43 DR; Desc:Mega Chicken POS Ref:88291; Date:28-Sep-2025 11:35",Bank_A
22-Sep-2025 08:27,"Debit: NGN 12,409.17 for Justrite @ Lagos on 22-Sep-2025 08:27. Ref:77281. Bal: NGN 45,000.20",Bank_B
23-Sep-2025 07:33,"Acct: 123***45; Amt:N13,332.20 DR; Desc:Total Energies POS Ref:88291; Date:23-Sep-2025 07:33",Bank_A
23-Sep-2025 18:49,"Debit: NGN 3,542.56 for Chowdeck @ Lagos on 23-Sep-2025 18:49. Ref:77281. Bal: NGN 45,000.20",Bank_B
17-Oct-2025 05:47,"Acct: 123***45; Amt:N2,945.89 DR; Desc:The Place POS Ref:88291; Date:17-Oct-2025 05:47",Bank_A
19-Nov-2025 12:46,"Acct: 123***45; Amt:N10,718.95 DR; Desc:Dominos Pizza POS Ref:88291; Date:19-Nov-2025 12:46",Bank_A
06-Nov-2025 22:24,"Acct: 123***45; Amt:N5,572.62 DR; Desc:Mega Chicken POS Ref:88291; Date:06-Nov-2025 22:24",Bank_A
07-Oct-2025 19:08,"Debit: NGN 8,805.20 for Airtel Airtime @ Lagos on 07-Oct-2025 19:08. Ref:77281. Bal: NGN 45,000.20",Bank_B
09-Nov-2025 14:30,"Debit: NGN 12,610.67 for Total Energies @ Lagos on 09-Nov-2025 14:30. Ref:77281. Bal: NGN 45,000.20",Bank_B
27-Sep-2025 09:07,"Acct: 123***45; Amt:N4,508.61 DR; Desc:Oando Fuel Stn POS Ref:88291; Date:27-Sep-2025 09:07",Bank_A
12-Oct-2025 11:53,"Debit: NGN 14,172.99 for Indriver @ Lagos on 12-Oct-2025 11:53. Ref:77281. Bal: NGN 45,000.20",Bank_B
02-Nov-2025 05:05,"Debit: NGN 6,284.26 for Chicken Republic @ Lagos on 02-Nov-2025 05:05. Ref:77281. Bal: NGN 45,000.20",Bank_B
17-Sep-2025 20:20,"Acct: 123***45; Amt:N52,525.71 DR; Desc:Trf to Sibling POS Ref:88291; Date:17-Sep-2025 20:20",Bank_A
30-Sep-2025 23:16,"Acct: 123***45; Amt:N7,681.31 DR; Desc:Justrite POS Ref:88291; Date:30-Sep-2025 23:16",Bank_A
22-Sep-2025 01:58,"Debit: NGN 73,744.18 for Trf to Landlord @ Lagos on 22-Sep-2025 01:58. Ref:77281. Bal: NGN 45,000.20",Bank_B
14-Nov-2025 11:44,"Acct: 123***45; Amt:N36,482.26 DR; Desc:Prince Ebeano POS Ref:88291; Date:14-Nov-2025 11:44",Bank_A
15-Oct-2025 22:28,"Acct: 123***45; Amt:N4,500.00 DR; Desc:Apple Music POS Ref:88291; Date:15-Oct-2025 22:28",Bank_A
08-Oct-2025 05:31,"Acct: 123***45; Amt:N21,414.64 DR; Desc:Prince Ebeano POS Ref:88291; Date:08-Oct-2025 05:31",Bank_A
12-Nov-2025 05:03,"Acct: 123***45; Amt:N1,200.00 DR; Desc:Apple Music POS Ref:88291; Date:12-Nov-2025 05:03",Bank_A
13-Sep-2025 11:49,"Debit: NGN 11,971.27 for Dominos Pizza @ Lagos on 13-Sep-2025 11:49. Ref:77281. Bal: NGN 45,000.20",Bank_B
29-Oct-2025 10:04,"Acct: 123***45; Amt:N13,395.03 DR; Desc:Prince Ebeano POS Ref:88291; Date:29-Oct-2025 10:04",Bank_A
20-Nov-2025 12:03,"Acct: 123***45; Amt:N29,000.00 DR; Desc:Spotify POS Ref:88291; Date:20-Nov-2025 12:03",Bank_A
25-Sep-2025 00:12,"Debit: NGN 3,403.03 for Chowdeck @ Lagos on 25-Sep-2025 00:12. Ref:77281. Bal: NGN 45,000.20",Bank_B
12-Oct-2025 21:21,Acct: 123***45; Amt:N900.00 DR; Desc:Spotify POS Ref:88291; Date:12-Oct-2025 21:21,Bank_A
28-Oct-2025 22:27,"Debit: NGN 4,500.00 for Spotify @ Lagos on 28-Oct-2025 22:27. Ref:77281. Bal: NGN 45,000.20",Bank_B
11-Sep-2025 04:03,"Debit: NGN 4,299.26 for Mega Chicken @ Lagos on 11-Sep-2025 04:03. Ref:77281. Bal: NGN 45,000.20",Bank_B
24-Nov-2025 23:54,"Acct: 123***45; Amt:N118,177.42 DR; Desc:Trf to Emeka POS Ref:88291; Date:24-Nov-2025 23:54",Bank_A
06-Nov-2025 01:03,"Debit: NGN 16,472.40 for Trf to Landlord @ Lagos on 06-Nov-2025 01:03. Ref:77281. Bal: NGN 45,000.20",Bank_B
23-Oct-2025 21:33,"Acct: 123***45; Amt:N29,000.00 DR; Desc:Showmax POS Ref:88291; Date:23-Oct-2025 21:33",Bank_A
04-Nov-2025 11:16,"Acct: 123***45; Amt:N9,950.39 DR; Desc:Trf to Emeka POS Ref:88291; Date:04-Nov-2025 11:16",Bank_A
17-Sep-2025 04:15,"Acct: 123***45; Amt:N29,000.00 DR; Desc:Spotify POS Ref:88291; Date:17-Sep-2025 04:15",Bank_A
14-Nov-2025 21:47,Acct: 123***45; Amt:N900.00 DR; Desc:Spotify POS Ref:88291; Date:14-Nov-2025 21:47,Bank_A
30-Sep-2025 11:03,"Acct: 123***45; Amt:N5,341.51 DR; Desc:Dominos Pizza POS Ref:88291; Date:30-Sep-2025 11:03",Bank_A
15-Sep-2025 07:48,"Debit: NGN 9,006.88 for Bolt @ Lagos on 15-Sep-2025 07:48. Ref:77281. Bal: NGN 45,000.20",Bank_B
07-Sep-2025 20:57,"Acct: 123***45; Amt:N25,128.86 DR; Desc:Justrite POS Ref:88291; Date:07-Sep-2025 20:57",Bank_A
12-Nov-2025 01:28,"Acct: 123***45; Amt:N8,022.09 DR; Desc:Smile Data POS Ref:88291; Date:12-Nov-2025 01:28",Bank_A
21-Sep-2025 06:59,"Acct: 123***45; Amt:N3,010.08 DR; Desc:Oando Fuel Stn POS Ref:88291; Date:21-Sep-2025 06:59",Bank_A
28-Sep-2025 23:21,"Debit: NGN 1,200.00 for DSTV Premium @ Lagos on 28-Sep-2025 23:21. Ref:77281. Bal: NGN 45,000.20",Bank_B
13-Nov-2025 08:43,"Acct: 123***45; Amt:N6,355.72 DR; Desc:Indriver POS Ref:88291; Date:13-Nov-2025 08:43",Bank_A
16-Nov-2025 21:23,"Acct: 123***45; Amt:N13,408.07 DR; Desc:MTN VTU POS Ref:88291; Date:16-Nov-2025 21:23",Bank_A
28-Nov-2025 16:52,"Acct: 123***45; Amt:N9,435.84 DR; Desc:Mega Chicken POS Ref:88291; Date:28-Nov-2025 16:52",Bank_A
29-Sep-2025 01:26,Acct: 123***45; Amt:N900.00 DR; Desc:Netflix POS Ref:88291; Date:29-Sep-2025 01:26,Bank_A
03-Nov-2025 05:30,"Acct: 123***45; Amt:N133,275.08 DR; Desc:Trf to Emeka POS Ref:88291; Date:03-Nov-2025 05:30",Bank_A
02-Nov-2025 01:12,"Debit: NGN 900.00 for Spotify @ Lagos on 02-Nov-2025 01:12. Ref:77281. Bal: NGN 45,000.20",Bank_B
23-Oct-2025 07:21,"Debit: NGN 1,200.00 for DSTV Premium @ Lagos on 23-Oct-2025 07:21. Ref:77281. Bal: NGN 45,000.20",Bank_B
10-Sep-2025 01:06,"Acct: 123***45; Amt:N11,557.83 DR; Desc:Chowdeck POS Ref:88291; Date:10-Sep-2025 01:06",Bank_A
04-Nov-2025 06:39,"Acct: 123***45; Amt:N106,267.72 DR; Desc:Trf to Mum POS Ref:88291; Date:04-Nov-2025 06:39",Bank_A
23-Oct-2025 16:33,"Acct: 123***45; Amt:N122,119.23 DR; Desc:Trf to Mum POS Ref:88291; Date:23-Oct-2025 16:33",Bank_A
25-Oct-2025 17:34,"Acct: 123***45; Amt:N13,281.55 DR; Desc:Trf to Mum POS Ref:88291; Date:25-Oct-2025 17:34",Bank_A
08-Sep-2025 21:45,"Debit: NGN 9,735.57 for Oando Fuel Stn @ Lagos on 08-Sep-2025 21:45. Ref:77281. Bal: NGN 45,000.20",Bank_B
02-Dec-2025 17:58,"Debit: NGN 11,487.05 for Market Square @ Lagos on 02-Dec-2025 17:58. Ref:77281. Bal: NGN 45,000.20",Bank_B
29-Nov-2025 16:41,"Debit: NGN 6,165.04 for Mega Chicken @ Lagos on 29-Nov-2025 16:41. Ref:77281. Bal: NGN 45,000.20",Bank_B
21-Nov-2025 15:22,"Debit: NGN 12,733.37 for Market Square @ Lagos on 21-Nov-2025 15:22. Ref:77281. Bal: NGN 45,000.20",Bank_B
03-Nov-2025 18:35,"Debit: NGN 68,191.33 for Trf to Emeka @ Lagos on 03-Nov-2025 18:35. Ref:77281. Bal: NGN 45,000.20",Bank_B
15-Sep-2025 15:23,"Debit: NGN 41,690.69 for Justrite @ Lagos on 15-Sep-2025 15:23. Ref:77281. Bal: NGN 45,000.20",Bank_B
18-Oct-2025 17:24,"Debit: NGN 8,805.53 for Indriver @ Lagos on 18-Oct-2025 17:24. Ref:77281. Bal: NGN 45,000.20",Bank_B
10-Nov-2025 02:29,"Acct: 123***45; Amt:N22,413.38 DR; Desc:Market Square POS Ref:88291; Date:10-Nov-2025 02:29",Bank_A
06-Oct-2025 15:24,"Debit: NGN 4,560.59 for Indriver @ Lagos on 06-Oct-2025 15:24. Ref:77281. Bal: NGN 45,000.20",Bank_B
26-Nov-2025 14:38,"Acct: 123***45; Amt:N118,100.90 DR; Desc:Trf to Emeka POS Ref:88291; Date:26-Nov-2025 14:38",Bank_A
08-Oct-2025 23:31,"Acct: 123***45; Amt:N11,544.14 DR; Desc:Total Energies POS Ref:88291; Date:08-Oct-2025 23:31",Bank_A
16-Oct-2025 11:58,"Acct: 123***45; Amt:N2,051.78 DR; Desc:Oando Fuel Stn POS Ref:88291; Date:16-Oct-2025 11:58",Bank_A
15-Sep-2025 02:57,"Debit: NGN 15,927.97 for Airtel Airtime @ Lagos on 15-Sep-2025 02:57. Ref:77281. Bal: NGN 45,000.20",Bank_B
23-Oct-2025 12:51,"Debit: NGN 7,790.58 for Oando Fuel Stn @ Lagos on 23-Oct-2025 12:51. Ref:77281. Bal: NGN 45,000.20",Bank_B
22-Nov-2025 11:59,"Debit: NGN 10,236.08 for Uber @ Lagos on 22-Nov-2025 11:59. Ref:77281. Bal: NGN 45,000.20",Bank_B
28-Oct-2025 00:42,"Debit: NGN 88,882.91 for Trf to Landlord @ Lagos on 28-Oct-2025 00:42. Ref:77281. Bal: NGN 45,000.20",Bank_B
29-Nov-2025 08:28,"Debit: NGN 1,200.00 for Showmax @ Lagos on 29-Nov-2025 08:28. Ref:77281. Bal: NGN 45,000.20",Bank_B
10-Nov-2025 05:50,"Debit: NGN 18,140.50 for MTN VTU @ Lagos on 10-Nov-2025 05:50. Ref:77281. Bal: NGN 45,000.20",Bank_B
10-Nov-2025 04:03,"Debit: NGN 7,228.66 for MTN VTU @ Lagos on 10-Nov-2025 04:03. Ref:77281. Bal: NGN 45,000.20",Bank_B
22-Nov-2025 23:44,"Debit: NGN 7,130.86 for Prince Ebeano @ Lagos on 22-Nov-2025 23:44. Ref:77281. Bal: NGN 45,000.20",Bank_B
01-Nov-2025 23:29,"Debit: NGN 6,781.32 for MTN VTU @ Lagos on 01-Nov-2025 23:29. Ref:77281. Bal: NGN 45,000.20",Bank_B
03-Nov-2025 13:48,"Acct: 123***45; Amt:N4,421.86 DR; Desc:Chowdeck POS Ref:88291; Date:03-Nov-2025 13:48",Bank_A
08-Nov-2025 23:09,Acct: 123***45; Amt:N900.00 DR; Desc:Netflix POS Ref:88291; Date:08-Nov-2025 23:09,Bank_A
26-Sep-2025 13:46,"Debit: NGN 1,200.00 for DSTV Premium @ Lagos on 26-Sep-2025 13:46. Ref:77281. Bal: NGN 45,000.20",Bank_B
10-Nov-2025 12:49,"Debit: NGN 19,663.20 for Airtel Airtime @ Lagos on 10-Nov-2025 12:49. Ref:77281. Bal: NGN 45,000.20",Bank_B
14-Oct-2025 12:51,"Debit: NGN 9,145.66 for Uber @ Lagos on 14-Oct-2025 12:51. Ref:77281. Bal: NGN 45,000.20",Bank_B
17-Nov-2025 03:15,"Acct: 123***45; Amt:N143,353.37 DR; Desc:Trf to Emeka POS Ref:88291; Date:17-Nov-2025 03:15",Bank_A
15-Sep-2025 11:00,"Debit: NGN 2,985.20 for Oando Fuel Stn @ Lagos on 15-Sep-2025 11:00. Ref:77281. Bal: NGN 45,000.20",Bank_B
05-Nov-2025 13:58,"Debit: NGN 5,310.03 for MTN VTU @ Lagos on 05-Nov-2025 13:58. Ref:77281. Bal: NGN 45,000.20",Bank_B
13-Sep-2025 06:48,"Debit: NGN 8,990.14 for Ikeja Electric @ Lagos on 13-Sep-2025 06:48. Ref:77281. Bal: NGN 45,000.20",Bank_B
02-Oct-2025 22:11,"Debit: NGN 35,565.89 for Spar @ Lagos on 02-Oct-2025 22:11. Ref:77281. Bal: NGN 45,000.20",Bank_B
07-Sep-2025 19:33,"Debit: NGN 4,166.79 for Chowdeck @ Lagos on 07-Sep-2025 19:33. Ref:77281. Bal: NGN 45,000.20",Bank_B
21-Oct-2025 01:42,"Debit: NGN 1,200.00 for Apple Music @ Lagos on 21-Oct-2025 01:42. Ref:77281. Bal: NGN 45,000.20",Bank_B
29-Oct-2025 02:34,"Debit: NGN 6,325.48 for Bolt @ Lagos on 29-Oct-2025 02:34. Ref:77281. Bal: NGN 45,000.20",Bank_B
05-Oct-2025 12:35,"Acct: 123***45; Amt:N147,290.05 DR; Desc:Trf to Emeka POS Ref:88291; Date:05-Oct-2025 12:35",Bank_A
06-Oct-2025 09:00,"Acct: 123***45; Amt:N101,019.62 DR; Desc:Trf to Mum POS Ref:88291; Date:06-Oct-2025 09:00",Bank_A
